hlasu_procenta,id_strany,nuts_kod,pocet_hlasu
16.22,1,CZ0100,99182
0.10,2,CZ0100,642
0.06,3,CZ0100,407
5.57,4,CZ0100,34079
0.08,5,CZ0100,491
0.03,6,CZ0100,221
5.05,7,CZ0100,30920
4.60,8,CZ0100,28158
2.40,9,CZ0100,14686
0.42,10,CZ0100,2600
0.07,11,CZ0100,438
2.10,12,CZ0100,12857
0.07,13,CZ0100,472
0.15,14,CZ0100,943
17.59,15,CZ0100,107590
0.02,16,CZ0100,177
0.01,17,CZ0100,93
0.06,19,CZ0100,423
12.64,20,CZ0100,77325
20.35,21,CZ0100,124445
0.05,22,CZ0100,358
0.08,23,CZ0100,539
4.76,24,CZ0100,29143
0.02,25,CZ0100,182
0.95,26,CZ0100,5851
0.20,27,CZ0100,1243
0.09,28,CZ0100,565
5.81,29,CZ0100,35547
0.30,30,CZ0100,1873
9.64,1,CZ020C,2555
0.12,2,CZ020C,33
0.03,3,CZ020C,10
8.85,4,CZ020C,2347
0.08,6,CZ020C,22
6.34,7,CZ020C,1680
10.56,8,CZ020C,2800
1.08,9,CZ020C,288
0.70,10,CZ020C,188
1.41,12,CZ020C,375
0.09,13,CZ020C,25
0.09,14,CZ020C,25
10.38,15,CZ020C,2752
0.04,17,CZ020C,11
0.09,19,CZ020C,24
4.48,20,CZ020C,1187
31.65,21,CZ020C,8386
0.04,22,CZ020C,12
0.16,23,CZ020C,45
1.98,24,CZ020C,527
0.07,25,CZ020C,19
0.61,26,CZ020C,163
0.20,27,CZ020C,55
0.17,28,CZ020C,47
10.71,29,CZ020C,2839
0.28,30,CZ020C,76
11.06,1,CZ020B,6438
0.13,2,CZ020B,80
0.04,3,CZ020B,29
7.38,4,CZ020B,4299
0.07,6,CZ020B,41
7.01,7,CZ020B,4082
8.53,8,CZ020B,4965
1.34,9,CZ020B,785
0.86,10,CZ020B,506
1.47,12,CZ020B,860
0.10,13,CZ020B,62
0.13,14,CZ020B,77
11.77,15,CZ020B,6853
0.04,17,CZ020B,24
0.04,19,CZ020B,25
4.97,20,CZ020B,2896
30.22,21,CZ020B,17588
0.05,22,CZ020B,32
0.14,23,CZ020B,87
4.09,24,CZ020B,2382
0.02,25,CZ020B,14
0.56,26,CZ020B,331
0.17,27,CZ020B,103
0.19,28,CZ020B,113
9.24,29,CZ020B,5381
0.22,30,CZ020B,132
16.99,1,CZ020A,12048
0.12,2,CZ020A,91
0.09,3,CZ020A,65
4.40,4,CZ020A,3120
0.06,6,CZ020A,45
8.35,7,CZ020A,5925
4.34,8,CZ020A,3079
1.89,9,CZ020A,1340
0.60,10,CZ020A,431
1.90,12,CZ020A,1348
0.09,13,CZ020A,70
0.16,14,CZ020A,118
15.81,15,CZ020A,11210
0.05,17,CZ020A,37
0.09,19,CZ020A,69
11.62,20,CZ020A,8243
22.09,21,CZ020A,15662
0.08,22,CZ020A,57
0.09,23,CZ020A,67
3.29,24,CZ020A,2334
0.01,25,CZ020A,14
0.80,26,CZ020A,572
0.12,27,CZ020A,91
0.13,28,CZ020A,93
6.48,29,CZ020A,4594
0.22,30,CZ020A,161
17.88,1,CZ0209,15295
0.31,2,CZ0209,269
0.07,3,CZ0209,62
4.73,4,CZ0209,4049
0.05,6,CZ0209,49
7.86,7,CZ0209,6721
4.55,8,CZ0209,3891
1.46,9,CZ0209,1252
0.67,10,CZ0209,573
1.82,12,CZ0209,1564
0.09,13,CZ0209,85
0.16,14,CZ0209,138
15.10,15,CZ0209,12917
0.04,17,CZ0209,42
0.07,19,CZ0209,68
8.72,20,CZ0209,7457
24.34,21,CZ0209,20818
0.04,22,CZ0209,41
0.14,23,CZ0209,120
3.12,24,CZ0209,2676
0.03,25,CZ0209,33
0.78,26,CZ0209,668
0.13,27,CZ0209,113
0.14,28,CZ0209,124
7.33,29,CZ0209,6272
0.23,30,CZ0209,200
11.92,1,CZ0208,5626
0.19,2,CZ0208,93
0.04,3,CZ0208,23
7.47,4,CZ0208,3527
0.07,6,CZ0208,36
7.57,7,CZ0208,3573
6.96,8,CZ0208,3288
1.32,9,CZ0208,627
0.88,10,CZ0208,418
1.35,12,CZ0208,641
0.09,13,CZ0208,46
0.15,14,CZ0208,71
11.24,15,CZ0208,5305
0.07,17,CZ0208,35
0.11,19,CZ0208,55
5.65,20,CZ0208,2670
31.22,21,CZ0208,14730
0.05,22,CZ0208,24
0.21,23,CZ0208,101
3.02,24,CZ0208,1425
0.04,25,CZ0208,23
0.52,26,CZ0208,248
0.21,27,CZ0208,100
0.20,28,CZ0208,95
9.10,29,CZ0208,4295
0.21,30,CZ0208,102
11.93,1,CZ0207,6990
0.19,2,CZ0207,115
0.06,3,CZ0207,37
7.19,4,CZ0207,4213
0.06,6,CZ0207,40
6.96,7,CZ0207,4080
6.88,8,CZ0207,4033
1.38,9,CZ0207,809
1.07,10,CZ0207,630
1.43,12,CZ0207,841
0.11,13,CZ0207,68
0.12,14,CZ0207,71
9.92,15,CZ0207,5812
0.05,17,CZ0207,33
0.07,19,CZ0207,44
4.36,20,CZ0207,2559
34.13,21,CZ0207,19991
0.05,22,CZ0207,35
0.22,23,CZ0207,129
2.24,24,CZ0207,1314
0.03,25,CZ0207,21
0.60,26,CZ0207,353
0.26,27,CZ0207,157
0.16,28,CZ0207,95
10.16,29,CZ0207,5953
0.23,30,CZ0207,139
12.92,1,CZ0206,6343
0.23,2,CZ0206,115
0.05,3,CZ0206,28
6.33,4,CZ0206,3107
0.04,6,CZ0206,24
6.82,7,CZ0206,3349
7.78,8,CZ0206,3822
1.36,9,CZ0206,672
0.89,10,CZ0206,439
1.85,12,CZ0206,910
0.13,13,CZ0206,65
0.10,14,CZ0206,53
11.65,15,CZ0206,5718
0.04,17,CZ0206,24
0.14,19,CZ0206,69
4.77,20,CZ0206,2342
30.20,21,CZ0206,14820
0.06,22,CZ0206,31
0.21,23,CZ0206,105
2.23,24,CZ0206,1098
0.02,25,CZ0206,14
0.61,26,CZ0206,303
0.19,27,CZ0206,95
0.24,28,CZ0206,120
10.70,29,CZ0206,5253
0.29,30,CZ0206,144
9.34,1,CZ0205,3443
0.35,2,CZ0205,131
0.07,3,CZ0205,27
9.64,4,CZ0205,3552
0.05,6,CZ0205,21
9.97,7,CZ0205,3674
8.79,8,CZ0205,3240
0.80,9,CZ0205,296
0.78,10,CZ0205,289
1.03,12,CZ0205,380
0.12,13,CZ0205,46
0.10,14,CZ0205,38
9.39,15,CZ0205,3461
0.04,17,CZ0205,18
0.06,19,CZ0205,23
3.53,20,CZ0205,1302
31.74,21,CZ0205,11689
0.04,22,CZ0205,16
0.22,23,CZ0205,82
3.42,24,CZ0205,1263
0.02,25,CZ0205,8
0.44,26,CZ0205,165
0.18,27,CZ0205,69
0.14,28,CZ0205,55
9.36,29,CZ0205,3448
0.24,30,CZ0205,91
9.55,1,CZ0204,4604
0.31,2,CZ0204,150
0.04,3,CZ0204,23
6.68,4,CZ0204,3223
0.06,6,CZ0204,32
18.33,7,CZ0204,8841
8.41,8,CZ0204,4057
0.89,9,CZ0204,431
0.62,10,CZ0204,300
1.35,12,CZ0204,653
0.10,13,CZ0204,49
0.10,14,CZ0204,53
8.65,15,CZ0204,4173
0.05,17,CZ0204,25
0.04,19,CZ0204,22
3.78,20,CZ0204,1827
28.43,21,CZ0204,13707
0.03,22,CZ0204,16
0.18,23,CZ0204,89
2.19,24,CZ0204,1056
0.02,25,CZ0204,12
0.59,26,CZ0204,289
0.14,27,CZ0204,69
0.16,28,CZ0204,80
8.87,29,CZ0204,4280
0.30,30,CZ0204,146
11.87,1,CZ0203,8818
0.14,2,CZ0203,111
0.05,3,CZ0203,40
6.84,4,CZ0203,5080
0.12,6,CZ0203,93
5.60,7,CZ0203,4164
9.12,8,CZ0203,6773
1.36,9,CZ0203,1017
0.79,10,CZ0203,594
1.90,12,CZ0203,1418
0.10,13,CZ0203,76
0.11,14,CZ0203,84
11.71,15,CZ0203,8700
0.04,17,CZ0203,35
0.08,19,CZ0203,66
5.07,20,CZ0203,3765
29.99,21,CZ0203,22277
0.07,22,CZ0203,52
0.23,23,CZ0203,178
2.10,24,CZ0203,1562
0.03,25,CZ0203,27
0.68,26,CZ0203,508
0.15,27,CZ0203,114
0.23,28,CZ0203,172
11.22,29,CZ0203,8336
0.26,30,CZ0203,199
14.96,1,CZ0202,6675
0.20,2,CZ0202,90
0.08,3,CZ0202,39
6.96,4,CZ0202,3105
0.05,6,CZ0202,26
4.83,7,CZ0202,2155
8.62,8,CZ0202,3845
1.42,9,CZ0202,636
0.80,10,CZ0202,358
1.88,12,CZ0202,842
0.08,13,CZ0202,39
0.16,14,CZ0202,72
12.41,15,CZ0202,5535
0.05,17,CZ0202,26
0.06,19,CZ0202,30
5.75,20,CZ0202,2568
28.36,21,CZ0202,12652
0.05,22,CZ0202,25
0.20,23,CZ0202,93
2.79,24,CZ0202,1245
0.02,25,CZ0202,13
0.57,26,CZ0202,255
0.16,27,CZ0202,74
0.20,28,CZ0202,93
8.97,29,CZ0202,4002
0.24,30,CZ0202,108
10.47,1,CZ0201,5279
0.13,2,CZ0201,70
0.04,3,CZ0201,23
7.43,4,CZ0201,3748
0.04,6,CZ0201,24
8.67,7,CZ0201,4371
7.55,8,CZ0201,3805
1.12,9,CZ0201,567
0.67,10,CZ0201,341
1.30,12,CZ0201,658
0.09,13,CZ0201,47
0.10,14,CZ0201,54
10.58,15,CZ0201,5334
0.06,17,CZ0201,32
0.09,19,CZ0201,48
4.54,20,CZ0201,2289
32.25,21,CZ0201,16251
0.04,22,CZ0201,23
0.20,23,CZ0201,101
4.49,24,CZ0201,2267
0.03,25,CZ0201,18
0.59,26,CZ0201,300
0.21,27,CZ0201,106
0.23,28,CZ0201,116
8.75,29,CZ0201,4413
0.20,30,CZ0201,101
11.27,1,CZ0317,5888
0.11,2,CZ0317,58
0.08,3,CZ0317,43
7.94,4,CZ0317,4150
0.13,6,CZ0317,72
5.56,7,CZ0317,2906
8.92,8,CZ0317,4661
1.31,9,CZ0317,685
0.91,10,CZ0317,476
1.57,12,CZ0317,823
0.07,13,CZ0317,37
0.17,14,CZ0317,89
11.29,15,CZ0317,5897
0.09,19,CZ0317,48
6.16,20,CZ0317,3220
29.89,21,CZ0317,15609
0.03,22,CZ0317,17
0.15,23,CZ0317,82
4.19,24,CZ0317,2190
0.06,25,CZ0317,32
0.87,26,CZ0317,457
0.14,27,CZ0317,78
0.16,28,CZ0317,87
8.52,29,CZ0317,4449
0.29,30,CZ0317,156
10.64,1,CZ0316,3660
0.20,2,CZ0316,71
0.07,3,CZ0316,26
7.46,4,CZ0316,2565
0.15,6,CZ0316,54
4.22,7,CZ0316,1451
9.20,8,CZ0316,3163
1.11,9,CZ0316,384
0.86,10,CZ0316,299
1.23,12,CZ0316,424
0.07,13,CZ0316,27
0.17,14,CZ0316,60
10.61,15,CZ0316,3651
0.13,19,CZ0316,47
4.47,20,CZ0316,1538
30.82,21,CZ0316,10599
0.05,22,CZ0316,20
0.21,23,CZ0316,74
5.75,24,CZ0316,1980
0.06,25,CZ0316,21
1.00,26,CZ0316,344
0.27,27,CZ0316,95
0.29,28,CZ0316,100
10.46,29,CZ0316,3598
0.37,30,CZ0316,128
13.78,1,CZ0315,3270
0.27,2,CZ0315,66
0.07,3,CZ0315,18
7.26,4,CZ0315,1724
0.13,6,CZ0315,33
4.98,7,CZ0315,1184
10.12,8,CZ0315,2403
1.38,9,CZ0315,329
0.72,10,CZ0315,172
1.40,12,CZ0315,334
0.06,13,CZ0315,16
0.16,14,CZ0315,38
9.18,15,CZ0315,2179
0.05,19,CZ0315,14
4.45,20,CZ0315,1057
27.76,21,CZ0315,6588
0.05,22,CZ0315,12
0.19,23,CZ0315,47
5.93,24,CZ0315,1409
0.04,25,CZ0315,11
0.76,26,CZ0315,182
0.21,27,CZ0315,50
0.28,28,CZ0315,68
10.18,29,CZ0315,2416
0.46,30,CZ0315,110
11.93,1,CZ0314,4174
0.35,2,CZ0314,125
0.06,3,CZ0314,22
7.87,4,CZ0314,2756
0.12,6,CZ0314,44
3.33,7,CZ0314,1167
9.96,8,CZ0314,3487
1.14,9,CZ0314,402
0.72,10,CZ0314,253
1.53,12,CZ0314,538
0.11,13,CZ0314,39
0.19,14,CZ0314,69
11.46,15,CZ0314,4011
0.09,19,CZ0314,32
5.68,20,CZ0314,1990
28.20,21,CZ0314,9866
0.05,22,CZ0314,19
0.15,23,CZ0314,55
5.54,24,CZ0314,1939
0.04,25,CZ0314,14
0.70,26,CZ0314,245
0.18,27,CZ0314,63
0.20,28,CZ0314,72
9.82,29,CZ0314,3437
0.46,30,CZ0314,162
11.04,1,CZ0313,5009
0.16,2,CZ0313,75
0.09,3,CZ0313,42
8.63,4,CZ0313,3917
0.12,6,CZ0313,57
3.50,7,CZ0313,1589
10.61,8,CZ0313,4814
1.39,9,CZ0313,634
0.78,10,CZ0313,355
1.70,12,CZ0313,774
0.09,13,CZ0313,44
0.20,14,CZ0313,91
10.28,15,CZ0313,4668
0.06,19,CZ0313,28
4.13,20,CZ0313,1877
28.68,21,CZ0313,13011
0.04,22,CZ0313,20
0.23,23,CZ0313,106
6.60,24,CZ0313,2995
0.07,25,CZ0313,34
0.62,26,CZ0313,283
0.15,27,CZ0313,72
0.18,28,CZ0313,84
10.22,29,CZ0313,4637
0.32,30,CZ0313,149
12.21,1,CZ0312,3370
0.18,2,CZ0312,50
0.10,3,CZ0312,30
6.38,4,CZ0312,1760
0.22,6,CZ0312,63
3.67,7,CZ0312,1015
10.00,8,CZ0312,2760
1.42,9,CZ0312,393
0.95,10,CZ0312,264
1.54,12,CZ0312,425
0.09,13,CZ0312,25
0.22,14,CZ0312,61
9.28,15,CZ0312,2562
0.09,19,CZ0312,27
4.86,20,CZ0312,1342
29.99,21,CZ0312,8274
0.11,22,CZ0312,33
0.14,23,CZ0312,41
5.24,24,CZ0312,1447
0.13,25,CZ0312,36
1.07,26,CZ0312,297
0.15,27,CZ0312,42
0.54,28,CZ0312,151
11.02,29,CZ0312,3042
0.27,30,CZ0312,76
13.24,1,CZ0311,12861
0.11,2,CZ0311,112
0.07,3,CZ0311,74
6.34,4,CZ0311,6163
0.11,6,CZ0311,116
5.27,7,CZ0311,5123
8.37,8,CZ0311,8126
1.54,9,CZ0311,1499
0.63,10,CZ0311,616
2.04,12,CZ0311,1985
0.08,13,CZ0311,82
0.21,14,CZ0311,205
10.48,15,CZ0311,10175
0.07,19,CZ0311,71
5.86,20,CZ0311,5689
27.88,21,CZ0311,27065
0.08,22,CZ0311,83
0.15,23,CZ0311,151
5.17,24,CZ0311,5023
0.09,25,CZ0311,95
1.56,26,CZ0311,1519
0.24,27,CZ0311,236
0.20,28,CZ0311,200
9.76,29,CZ0311,9483
0.32,30,CZ0311,316
7.46,1,CZ0327,1609
0.17,2,CZ0327,37
0.04,3,CZ0327,9
7.94,4,CZ0327,1713
0.12,6,CZ0327,27
4.35,7,CZ0327,940
12.47,8,CZ0327,2691
1.20,9,CZ0327,259
1.11,10,CZ0327,241
1.02,12,CZ0327,222
0.07,13,CZ0327,16
0.12,14,CZ0327,26
9.43,15,CZ0327,2034
0.06,16,CZ0327,14
0.10,19,CZ0327,22
2.80,20,CZ0327,605
35.62,21,CZ0327,7682
0.17,23,CZ0327,37
2.09,24,CZ0327,452
0.03,25,CZ0327,8
0.43,26,CZ0327,94
0.28,27,CZ0327,61
0.26,28,CZ0327,58
12.20,29,CZ0327,2631
0.35,30,CZ0327,77
11.91,1,CZ0326,2762
0.26,2,CZ0326,62
0.02,3,CZ0326,6
7.64,4,CZ0326,1772
0.12,6,CZ0326,29
4.17,7,CZ0326,967
10.13,8,CZ0326,2350
1.22,9,CZ0326,285
0.95,10,CZ0326,222
1.46,12,CZ0326,340
0.12,13,CZ0326,28
0.24,14,CZ0326,56
9.79,15,CZ0326,2271
0.06,16,CZ0326,14
0.09,19,CZ0326,22
3.84,20,CZ0326,891
32.38,21,CZ0326,7510
0.26,23,CZ0326,61
2.34,24,CZ0326,543
0.02,25,CZ0326,5
0.80,26,CZ0326,186
0.32,27,CZ0326,76
0.22,28,CZ0326,53
11.05,29,CZ0326,2564
0.49,30,CZ0326,114
11.95,1,CZ0325,4511
0.16,2,CZ0325,62
0.05,3,CZ0325,22
7.86,4,CZ0325,2966
0.15,6,CZ0325,59
5.64,7,CZ0325,2131
9.08,8,CZ0325,3428
1.07,9,CZ0325,405
0.97,10,CZ0325,366
1.61,12,CZ0325,608
0.16,13,CZ0325,64
0.26,14,CZ0325,101
9.47,15,CZ0325,3573
0.05,16,CZ0325,22
0.10,19,CZ0325,38
4.25,20,CZ0325,1605
31.21,21,CZ0325,11775
0.30,23,CZ0325,114
2.56,24,CZ0325,967
0.10,25,CZ0325,41
0.79,26,CZ0325,301
0.53,27,CZ0325,200
0.25,28,CZ0325,96
10.94,29,CZ0325,4128
0.36,30,CZ0325,137
10.98,1,CZ0324,3249
0.24,2,CZ0324,72
0.08,3,CZ0324,26
8.47,4,CZ0324,2506
0.18,6,CZ0324,56
5.41,7,CZ0324,1601
9.94,8,CZ0324,2940
1.26,9,CZ0324,373
0.85,10,CZ0324,253
1.45,12,CZ0324,430
0.15,13,CZ0324,47
0.26,14,CZ0324,78
8.70,15,CZ0324,2575
0.12,16,CZ0324,38
0.07,19,CZ0324,21
4.28,20,CZ0324,1268
31.63,21,CZ0324,9355
0.20,23,CZ0324,60
2.45,24,CZ0324,725
0.04,25,CZ0324,14
0.66,26,CZ0324,198
0.45,27,CZ0324,136
0.30,28,CZ0324,90
11.35,29,CZ0324,3359
0.35,30,CZ0324,106
14.37,1,CZ0323,12744
0.19,2,CZ0323,170
0.08,3,CZ0323,79
7.55,4,CZ0323,6694
0.11,6,CZ0323,101
4.06,7,CZ0323,3605
6.37,8,CZ0323,5649
1.51,9,CZ0323,1341
0.57,10,CZ0323,513
2.01,12,CZ0323,1790
0.11,13,CZ0323,101
0.37,14,CZ0323,336
11.53,15,CZ0323,10228
0.06,16,CZ0323,59
0.08,19,CZ0323,72
7.08,20,CZ0323,6279
28.68,21,CZ0323,25430
0.19,23,CZ0323,177
3.72,24,CZ0323,3299
0.03,25,CZ0323,31
0.93,26,CZ0323,832
0.38,27,CZ0323,338
0.19,28,CZ0323,170
9.40,29,CZ0323,8334
0.31,30,CZ0323,277
11.34,1,CZ0322,4874
0.26,2,CZ0322,112
0.06,3,CZ0322,27
8.14,4,CZ0322,3500
0.18,6,CZ0322,81
5.36,7,CZ0322,2306
8.58,8,CZ0322,3688
0.96,9,CZ0322,413
1.01,10,CZ0322,436
1.14,12,CZ0322,490
0.09,13,CZ0322,41
0.16,14,CZ0322,69
10.01,15,CZ0322,4303
0.05,16,CZ0322,23
0.07,19,CZ0322,34
3.93,20,CZ0322,1691
32.09,21,CZ0322,13792
0.20,23,CZ0322,89
4.81,24,CZ0322,2071
0.05,25,CZ0322,24
0.49,26,CZ0322,213
0.30,27,CZ0322,130
0.25,28,CZ0322,109
10.08,29,CZ0322,4333
0.29,30,CZ0322,128
11.07,1,CZ0321,3084
0.15,2,CZ0321,43
0.05,3,CZ0321,15
8.95,4,CZ0321,2492
0.15,6,CZ0321,42
5.85,7,CZ0321,1630
9.90,8,CZ0321,2756
0.88,9,CZ0321,245
1.30,10,CZ0321,364
0.92,12,CZ0321,258
0.11,13,CZ0321,31
0.20,14,CZ0321,58
7.96,15,CZ0321,2217
0.04,16,CZ0321,12
0.05,19,CZ0321,15
2.71,20,CZ0321,756
30.78,21,CZ0321,8570
0.23,23,CZ0321,65
5.18,24,CZ0321,1442
0.04,25,CZ0321,13
0.66,26,CZ0321,185
0.24,27,CZ0321,68
0.19,28,CZ0321,55
11.98,29,CZ0321,3337
0.29,30,CZ0321,81
7.52,1,CZ0413,2663
1.29,2,CZ0413,457
7.54,4,CZ0413,2669
4.24,7,CZ0413,1502
8.41,8,CZ0413,2977
1.06,9,CZ0413,376
1.07,10,CZ0413,381
1.61,12,CZ0413,571
0.18,13,CZ0413,65
0.14,14,CZ0413,50
8.09,15,CZ0413,2866
0.12,19,CZ0413,44
2.87,20,CZ0413,1018
37.93,21,CZ0413,13425
0.35,23,CZ0413,124
1.72,24,CZ0413,611
0.66,26,CZ0413,236
0.24,27,CZ0413,88
0.47,28,CZ0413,167
13.88,29,CZ0413,4914
0.53,30,CZ0413,188
10.00,1,CZ0412,5049
0.52,2,CZ0412,265
6.67,4,CZ0412,3366
6.06,7,CZ0412,3062
7.20,8,CZ0412,3635
1.23,9,CZ0412,624
1.07,10,CZ0412,544
1.17,12,CZ0412,592
0.13,13,CZ0412,70
0.25,14,CZ0412,130
10.54,15,CZ0412,5323
0.13,19,CZ0412,67
4.48,20,CZ0412,2265
33.77,21,CZ0412,17039
0.22,23,CZ0412,115
2.56,24,CZ0412,1295
0.75,26,CZ0412,383
0.32,27,CZ0412,165
0.34,28,CZ0412,172
12.04,29,CZ0412,6077
0.43,30,CZ0412,217
8.49,1,CZ0411,3084
0.47,2,CZ0411,174
6.87,4,CZ0411,2495
5.20,7,CZ0411,1889
9.22,8,CZ0411,3348
1.51,9,CZ0411,549
0.84,10,CZ0411,306
1.04,12,CZ0411,381
0.20,13,CZ0411,76
0.27,14,CZ0411,100
11.22,15,CZ0411,4075
0.11,19,CZ0411,42
3.33,20,CZ0411,1212
35.27,21,CZ0411,12804
0.28,23,CZ0411,104
2.69,24,CZ0411,979
0.49,26,CZ0411,180
0.15,27,CZ0411,58
0.24,28,CZ0411,89
11.68,29,CZ0411,4242
0.29,30,CZ0411,108
9.48,1,CZ0427,4681
0.13,2,CZ0427,66
0.10,3,CZ0427,52
6.12,4,CZ0427,3025
4.05,7,CZ0427,2000
8.96,8,CZ0427,4425
1.74,9,CZ0427,861
0.64,10,CZ0427,319
1.45,12,CZ0427,720
0.12,13,CZ0427,60
0.49,14,CZ0427,246
9.17,15,CZ0427,4529
0.08,19,CZ0427,44
4.36,20,CZ0427,2155
36.45,21,CZ0427,17994
0.18,22,CZ0427,89
0.34,23,CZ0427,168
1.76,24,CZ0427,872
0.01,25,CZ0427,7
0.78,26,CZ0427,387
0.13,27,CZ0427,68
0.46,28,CZ0427,229
12.35,29,CZ0427,6096
0.53,30,CZ0427,266
10.05,1,CZ0426,5137
0.12,2,CZ0426,65
0.05,3,CZ0426,27
6.73,4,CZ0426,3444
2.91,7,CZ0426,1492
9.19,8,CZ0426,4697
1.43,9,CZ0426,733
0.90,10,CZ0426,463
1.14,12,CZ0426,585
0.13,13,CZ0426,71
0.21,14,CZ0426,112
8.10,15,CZ0426,4143
0.10,19,CZ0426,54
3.85,20,CZ0426,1970
38.10,21,CZ0426,19476
0.06,22,CZ0426,34
0.41,23,CZ0426,213
1.70,24,CZ0426,871
0.02,25,CZ0426,13
0.49,26,CZ0426,252
0.17,27,CZ0426,90
0.52,28,CZ0426,269
13.09,29,CZ0426,6693
0.40,30,CZ0426,205
8.44,1,CZ0425,3594
0.26,2,CZ0425,114
0.06,3,CZ0425,26
7.00,4,CZ0425,2980
3.53,7,CZ0425,1503
10.65,8,CZ0425,4536
1.85,9,CZ0425,788
0.68,10,CZ0425,293
1.26,12,CZ0425,540
0.08,13,CZ0425,36
0.15,14,CZ0425,68
7.10,15,CZ0425,3023
0.13,19,CZ0425,56
2.91,20,CZ0425,1241
39.33,21,CZ0425,16740
0.03,22,CZ0425,17
0.41,23,CZ0425,175
1.05,24,CZ0425,448
0.03,25,CZ0425,13
0.57,26,CZ0425,244
0.09,27,CZ0425,42
0.58,28,CZ0425,250
13.19,29,CZ0425,5614
0.51,30,CZ0425,219
9.34,1,CZ0424,3526
0.15,2,CZ0424,57
0.04,3,CZ0424,17
7.09,4,CZ0424,2676
2.62,7,CZ0424,992
11.70,8,CZ0424,4418
1.22,9,CZ0424,461
0.85,10,CZ0424,324
1.05,12,CZ0424,397
0.14,13,CZ0424,56
0.12,14,CZ0424,47
7.19,15,CZ0424,2715
0.08,19,CZ0424,33
3.69,20,CZ0424,1394
37.87,21,CZ0424,14295
0.06,22,CZ0424,24
0.38,23,CZ0424,147
2.04,24,CZ0424,771
0.03,25,CZ0424,14
0.55,26,CZ0424,211
0.14,27,CZ0424,54
0.43,28,CZ0424,164
12.71,29,CZ0424,4798
0.39,30,CZ0424,148
11.56,1,CZ0423,6457
0.23,2,CZ0423,131
0.07,3,CZ0423,42
6.28,4,CZ0423,3507
3.97,7,CZ0423,2220
10.80,8,CZ0423,6030
1.56,9,CZ0423,876
0.95,10,CZ0423,535
1.63,12,CZ0423,915
0.15,13,CZ0423,84
0.17,14,CZ0423,97
9.45,15,CZ0423,5279
0.08,19,CZ0423,47
4.19,20,CZ0423,2344
33.62,21,CZ0423,18770
0.09,22,CZ0423,54
0.32,23,CZ0423,181
2.49,24,CZ0423,1393
0.03,25,CZ0423,20
0.58,26,CZ0423,325
0.17,27,CZ0423,98
0.38,28,CZ0423,215
10.76,29,CZ0423,6010
0.34,30,CZ0423,192
8.88,1,CZ0422,4292
0.23,2,CZ0422,114
0.04,3,CZ0422,22
6.67,4,CZ0422,3225
3.33,7,CZ0422,1612
10.18,8,CZ0422,4920
1.33,9,CZ0422,644
0.97,10,CZ0422,473
1.41,12,CZ0422,682
0.12,13,CZ0422,60
0.25,14,CZ0422,121
7.84,15,CZ0422,3792
0.08,19,CZ0422,40
2.74,20,CZ0422,1328
39.10,21,CZ0422,18894
0.06,22,CZ0422,33
0.36,23,CZ0422,174
1.42,24,CZ0422,690
0.03,25,CZ0422,19
0.66,26,CZ0422,320
0.12,27,CZ0422,62
0.29,28,CZ0422,142
13.39,29,CZ0422,6471
0.38,30,CZ0422,185
8.23,1,CZ0421,4510
0.15,2,CZ0421,84
0.08,3,CZ0421,48
6.58,4,CZ0421,3607
4.52,7,CZ0421,2480
8.40,8,CZ0421,4602
1.18,9,CZ0421,650
0.93,10,CZ0421,513
1.38,12,CZ0421,756
0.18,13,CZ0421,99
0.21,14,CZ0421,120
8.25,15,CZ0421,4523
0.08,19,CZ0421,47
3.47,20,CZ0421,1904
39.07,21,CZ0421,21405
0.07,22,CZ0421,41
0.39,23,CZ0421,217
1.97,24,CZ0421,1082
0.04,25,CZ0421,27
0.56,26,CZ0421,309
0.11,27,CZ0421,62
0.47,28,CZ0421,258
12.95,29,CZ0421,7095
0.62,30,CZ0421,343
11.68,1,CZ0514,4640
0.25,2,CZ0514,102
0.14,3,CZ0514,57
5.54,4,CZ0514,2203
14.79,7,CZ0514,5875
6.39,8,CZ0514,2540
1.15,9,CZ0514,459
0.98,10,CZ0514,391
1.61,12,CZ0514,640
0.07,13,CZ0514,31
0.13,14,CZ0514,55
11.46,15,CZ0514,4551
0.07,19,CZ0514,29
4.39,20,CZ0514,1746
25.78,21,CZ0514,10235
0.20,22,CZ0514,83
0.20,23,CZ0514,81
4.07,24,CZ0514,1618
0.07,25,CZ0514,28
0.51,26,CZ0514,205
0.17,27,CZ0514,68
0.16,28,CZ0514,64
9.83,29,CZ0514,3903
0.23,30,CZ0514,95
9.48,1,CZ0513,7735
0.16,2,CZ0513,138
0.09,3,CZ0513,75
5.61,4,CZ0513,4580
14.10,7,CZ0513,11494
6.02,8,CZ0513,4909
1.59,9,CZ0513,1303
0.66,10,CZ0513,542
1.49,12,CZ0513,1222
0.07,13,CZ0513,62
0.27,14,CZ0513,221
10.89,15,CZ0513,8883
0.04,19,CZ0513,40
4.48,20,CZ0513,3654
31.07,21,CZ0513,25335
0.10,22,CZ0513,89
0.24,23,CZ0513,196
1.66,24,CZ0513,1360
0.04,25,CZ0513,40
0.63,26,CZ0513,519
0.17,27,CZ0513,144
0.13,28,CZ0513,111
10.60,29,CZ0513,8647
0.26,30,CZ0513,217
12.43,1,CZ0512,5390
0.08,2,CZ0512,38
0.08,3,CZ0512,37
5.35,4,CZ0512,2319
9.57,7,CZ0512,4150
6.06,8,CZ0512,2627
1.22,9,CZ0512,532
0.95,10,CZ0512,413
1.56,12,CZ0512,677
0.10,13,CZ0512,44
0.13,14,CZ0512,58
14.15,15,CZ0512,6137
0.18,19,CZ0512,79
4.70,20,CZ0512,2039
28.76,21,CZ0512,12468
0.08,22,CZ0512,38
0.19,23,CZ0512,83
1.60,24,CZ0512,695
0.05,25,CZ0512,26
0.77,26,CZ0512,335
0.16,27,CZ0512,72
0.18,28,CZ0512,79
11.20,29,CZ0512,4857
0.35,30,CZ0512,152
8.36,1,CZ0511,3703
0.11,2,CZ0511,49
0.06,3,CZ0511,27
6.12,4,CZ0511,2709
11.88,7,CZ0511,5261
8.82,8,CZ0511,3905
1.38,9,CZ0511,613
0.84,10,CZ0511,373
1.38,12,CZ0511,613
0.12,13,CZ0511,55
0.16,14,CZ0511,71
9.68,15,CZ0511,4288
0.07,19,CZ0511,34
3.13,20,CZ0511,1386
32.22,21,CZ0511,14264
0.13,22,CZ0511,59
0.27,23,CZ0511,121
1.40,24,CZ0511,624
0.09,25,CZ0511,41
0.52,26,CZ0511,231
0.16,27,CZ0511,72
0.27,28,CZ0511,120
12.36,29,CZ0511,5471
0.37,30,CZ0511,167
13.73,1,CZ0525,8094
0.15,2,CZ0525,94
0.07,3,CZ0525,45
5.69,4,CZ0525,3355
0.10,6,CZ0525,61
5.34,7,CZ0525,3151
7.14,8,CZ0525,4211
1.25,9,CZ0525,738
0.89,10,CZ0525,525
1.50,12,CZ0525,890
0.12,13,CZ0525,76
0.09,14,CZ0525,57
11.08,15,CZ0525,6531
0.13,19,CZ0525,77
4.63,20,CZ0525,2734
31.48,21,CZ0525,18557
0.07,22,CZ0525,47
0.23,23,CZ0525,136
3.88,24,CZ0525,2290
0.57,26,CZ0525,336
0.15,27,CZ0525,92
0.27,28,CZ0525,160
11.07,29,CZ0525,6526
0.27,30,CZ0525,160
10.57,1,CZ0524,4184
0.20,2,CZ0524,80
0.08,3,CZ0524,35
6.57,4,CZ0524,2599
0.07,6,CZ0524,30
4.32,7,CZ0524,1711
8.13,8,CZ0524,3219
1.21,9,CZ0524,479
1.00,10,CZ0524,396
1.62,12,CZ0524,642
0.11,13,CZ0524,46
0.10,14,CZ0524,41
9.58,15,CZ0524,3789
0.10,19,CZ0524,43
4.26,20,CZ0524,1685
32.06,21,CZ0524,12682
0.13,22,CZ0524,54
0.34,23,CZ0524,138
7.20,24,CZ0524,2849
0.54,26,CZ0524,215
0.12,27,CZ0524,49
0.23,28,CZ0524,93
10.96,29,CZ0524,4336
0.39,30,CZ0524,155
11.02,1,CZ0523,6059
0.17,2,CZ0523,98
0.06,3,CZ0523,34
7.75,4,CZ0523,4259
0.12,6,CZ0523,69
4.29,7,CZ0523,2359
6.17,8,CZ0523,3391
1.30,9,CZ0523,717
0.77,10,CZ0523,427
1.35,12,CZ0523,742
0.08,13,CZ0523,45
0.08,14,CZ0523,49
9.81,15,CZ0523,5391
0.11,19,CZ0523,62
4.68,20,CZ0523,2577
31.29,21,CZ0523,17194
0.13,22,CZ0523,74
0.21,23,CZ0523,118
8.87,24,CZ0523,4875
0.54,26,CZ0523,297
0.13,27,CZ0523,74
0.23,28,CZ0523,127
10.49,29,CZ0523,5767
0.26,30,CZ0523,144
10.02,1,CZ0522,4017
0.25,2,CZ0522,104
0.15,3,CZ0522,61
6.67,4,CZ0522,2674
0.10,6,CZ0522,41
8.42,7,CZ0522,3374
7.49,8,CZ0522,3003
1.20,9,CZ0522,483
1.03,10,CZ0522,416
1.32,12,CZ0522,530
0.10,13,CZ0522,41
0.09,14,CZ0522,40
11.17,15,CZ0522,4478
0.06,19,CZ0522,28
4.08,20,CZ0522,1636
32.95,21,CZ0522,13202
0.13,22,CZ0522,56
0.27,23,CZ0522,111
4.31,24,CZ0522,1730
0.73,26,CZ0522,294
0.15,27,CZ0522,64
0.22,28,CZ0522,89
8.62,29,CZ0522,3455
0.33,30,CZ0522,133
11.60,1,CZ0521,9888
0.18,2,CZ0521,155
0.14,3,CZ0521,122
6.15,4,CZ0521,5241
0.08,6,CZ0521,74
4.21,7,CZ0521,3589
7.00,8,CZ0521,5968
1.44,9,CZ0521,1233
0.73,10,CZ0521,624
1.76,12,CZ0521,1506
0.08,13,CZ0521,76
0.15,14,CZ0521,135
11.43,15,CZ0521,9743
0.07,19,CZ0521,66
6.66,20,CZ0521,5676
31.58,21,CZ0521,26916
0.17,22,CZ0521,149
0.13,23,CZ0521,116
5.33,24,CZ0521,4550
1.05,26,CZ0521,895
0.17,27,CZ0521,152
0.15,28,CZ0521,131
9.33,29,CZ0521,7954
0.30,30,CZ0521,259
10.39,1,CZ0534,7223
0.25,2,CZ0534,180
0.14,3,CZ0534,98
6.91,4,CZ0534,4807
0.12,6,CZ0534,87
5.20,7,CZ0534,3614
6.65,8,CZ0534,4623
1.42,9,CZ0534,989
0.97,10,CZ0534,679
1.50,12,CZ0534,1045
0.06,13,CZ0534,47
0.15,14,CZ0534,106
11.17,15,CZ0534,7764
0.09,19,CZ0534,68
4.40,20,CZ0534,3059
29.68,21,CZ0534,20628
0.07,22,CZ0534,49
0.16,23,CZ0534,116
7.57,24,CZ0534,5267
0.47,26,CZ0534,330
0.24,27,CZ0534,171
0.36,28,CZ0534,256
11.30,29,CZ0534,7854
0.62,30,CZ0534,437
10.47,1,CZ0533,5388
0.24,2,CZ0533,126
0.07,3,CZ0533,41
8.39,4,CZ0533,4319
0.11,6,CZ0533,57
4.83,7,CZ0533,2489
8.96,8,CZ0533,4613
1.11,9,CZ0533,572
1.33,10,CZ0533,687
1.35,12,CZ0533,697
0.07,13,CZ0533,39
0.09,14,CZ0533,50
9.52,15,CZ0533,4900
0.09,19,CZ0533,48
3.48,20,CZ0533,1791
29.02,21,CZ0533,14932
0.07,22,CZ0533,41
0.17,23,CZ0533,92
9.09,24,CZ0533,4681
0.42,26,CZ0533,221
0.26,27,CZ0533,138
0.33,28,CZ0533,173
10.11,29,CZ0533,5201
0.28,30,CZ0533,145
12.45,1,CZ0532,10524
0.15,2,CZ0532,128
0.16,3,CZ0532,138
7.15,4,CZ0532,6044
0.07,6,CZ0532,64
4.89,7,CZ0532,4132
7.17,8,CZ0532,6064
1.38,9,CZ0532,1168
0.71,10,CZ0532,603
1.70,12,CZ0532,1444
0.07,13,CZ0532,66
0.19,14,CZ0532,167
10.99,15,CZ0532,9291
0.07,19,CZ0532,66
5.04,20,CZ0532,4262
31.72,21,CZ0532,26804
0.14,22,CZ0532,124
0.19,23,CZ0532,167
4.62,24,CZ0532,3908
0.74,26,CZ0532,632
0.19,27,CZ0532,167
0.21,28,CZ0532,182
9.52,29,CZ0532,8044
0.34,30,CZ0532,289
9.81,1,CZ0531,5178
0.14,2,CZ0531,75
0.14,3,CZ0531,78
7.81,4,CZ0531,4124
0.09,6,CZ0531,50
4.96,7,CZ0531,2620
8.91,8,CZ0531,4702
1.00,9,CZ0531,532
0.87,10,CZ0531,460
1.53,12,CZ0531,812
0.06,13,CZ0531,34
0.11,14,CZ0531,62
9.84,15,CZ0531,5191
0.08,19,CZ0531,43
3.32,20,CZ0531,1752
32.58,21,CZ0531,17187
0.06,22,CZ0531,36
0.19,23,CZ0531,105
7.09,24,CZ0531,3743
0.58,26,CZ0531,309
0.16,27,CZ0531,88
0.21,28,CZ0531,111
9.67,29,CZ0531,5103
0.67,30,CZ0531,358
9.14,1,CZ0635,5629
0.09,2,CZ0635,60
0.06,3,CZ0635,43
10.66,4,CZ0635,6570
0.13,6,CZ0635,82
3.62,7,CZ0635,2232
8.84,8,CZ0635,5450
1.00,9,CZ0635,618
0.73,10,CZ0635,452
1.22,12,CZ0635,756
0.12,13,CZ0635,76
0.07,14,CZ0635,49
9.33,15,CZ0635,5750
0.09,19,CZ0635,57
4.11,20,CZ0635,2535
27.57,21,CZ0635,16979
0.18,23,CZ0635,114
12.78,24,CZ0635,7875
0.03,25,CZ0635,22
0.53,26,CZ0635,330
0.20,27,CZ0635,125
0.20,28,CZ0635,129
8.19,29,CZ0635,5046
0.98,30,CZ0635,606
8.52,1,CZ0634,4956
0.07,2,CZ0634,46
0.03,3,CZ0634,18
8.61,4,CZ0634,5010
0.12,6,CZ0634,72
4.36,7,CZ0634,2540
10.74,8,CZ0634,6245
0.95,9,CZ0634,558
0.86,10,CZ0634,500
1.33,12,CZ0634,777
0.08,13,CZ0634,51
0.09,14,CZ0634,56
9.29,15,CZ0634,5406
0.08,19,CZ0634,50
3.19,20,CZ0634,1859
29.46,21,CZ0634,17126
0.27,23,CZ0634,159
9.30,24,CZ0634,5408
0.04,25,CZ0634,24
0.52,26,CZ0634,304
0.23,27,CZ0634,134
0.19,28,CZ0634,113
11.16,29,CZ0634,6491
0.39,30,CZ0634,228
10.49,1,CZ0632,5920
0.11,2,CZ0632,66
0.07,3,CZ0632,40
7.92,4,CZ0632,4468
0.10,6,CZ0632,57
3.61,7,CZ0632,2040
8.61,8,CZ0632,4856
1.60,9,CZ0632,906
0.80,10,CZ0632,452
1.62,12,CZ0632,919
0.09,13,CZ0632,55
0.10,14,CZ0632,59
10.50,15,CZ0632,5924
0.09,19,CZ0632,52
4.32,20,CZ0632,2441
27.57,21,CZ0632,15552
0.24,23,CZ0632,138
8.83,24,CZ0632,4982
0.03,25,CZ0632,20
0.76,26,CZ0632,432
0.26,27,CZ0632,151
0.23,28,CZ0632,133
11.45,29,CZ0632,6458
0.47,30,CZ0632,270
11.10,1,CZ0631,5482
0.18,2,CZ0631,91
0.04,3,CZ0631,20
8.42,4,CZ0631,4162
0.11,6,CZ0631,55
4.54,7,CZ0631,2244
9.73,8,CZ0631,4808
1.39,9,CZ0631,689
0.83,10,CZ0631,414
1.13,12,CZ0631,561
0.06,13,CZ0631,31
0.12,14,CZ0631,62
10.34,15,CZ0631,5106
0.07,19,CZ0631,37
3.58,20,CZ0631,1771
31.16,21,CZ0631,15388
0.18,23,CZ0631,91
7.09,24,CZ0631,3504
0.02,25,CZ0631,14
0.64,26,CZ0631,316
0.20,27,CZ0631,101
0.21,28,CZ0631,108
8.46,29,CZ0631,4181
0.27,30,CZ0631,136
10.73,1,CZ0633,4002
0.16,2,CZ0633,61
0.04,3,CZ0633,16
11.85,4,CZ0633,4421
0.10,6,CZ0633,40
5.88,7,CZ0633,2195
9.30,8,CZ0633,3470
1.16,9,CZ0633,433
0.67,10,CZ0633,252
1.48,12,CZ0633,552
0.05,13,CZ0633,22
0.09,14,CZ0633,35
10.45,15,CZ0633,3900
0.06,19,CZ0633,23
4.17,20,CZ0633,1557
27.36,21,CZ0633,10202
0.26,23,CZ0633,98
6.77,24,CZ0633,2526
0.02,25,CZ0633,9
0.48,26,CZ0633,180
0.19,27,CZ0633,73
0.19,28,CZ0633,73
8.20,29,CZ0633,3061
0.22,30,CZ0633,84
7.86,1,CZ0647,4241
0.12,2,CZ0647,65
0.04,3,CZ0647,24
8.86,4,CZ0647,4780
0.07,6,CZ0647,39
2.79,7,CZ0647,1506
10.43,8,CZ0647,5629
0.84,9,CZ0647,457
0.83,10,CZ0647,451
1.36,12,CZ0647,737
0.09,13,CZ0647,51
0.15,14,CZ0647,82
6.48,15,CZ0647,3501
0.05,19,CZ0647,27
2.94,20,CZ0647,1587
34.32,21,CZ0647,18517
0.07,22,CZ0647,41
0.19,23,CZ0647,105
7.28,24,CZ0647,3929
0.03,25,CZ0647,20
0.43,26,CZ0647,235
0.16,27,CZ0647,91
0.16,28,CZ0647,87
13.88,29,CZ0647,7491
0.42,30,CZ0647,228
0.05,31,CZ0647,27
9.01,1,CZ0646,4015
0.15,2,CZ0646,70
0.05,3,CZ0646,25
12.24,4,CZ0646,5452
0.07,6,CZ0646,35
2.86,7,CZ0646,1276
10.83,8,CZ0646,4822
1.15,9,CZ0646,516
0.87,10,CZ0646,390
1.62,12,CZ0646,724
0.08,13,CZ0646,37
0.14,14,CZ0646,64
8.04,15,CZ0646,3580
0.09,19,CZ0646,41
2.54,20,CZ0646,1131
25.89,21,CZ0646,11530
0.06,22,CZ0646,31
0.30,23,CZ0646,138
9.10,24,CZ0646,4053
0.00,25,CZ0646,4
0.50,26,CZ0646,224
0.25,27,CZ0646,115
0.22,28,CZ0646,98
13.23,29,CZ0646,5892
0.50,30,CZ0646,225
0.06,31,CZ0646,30
9.14,1,CZ0645,6897
0.36,2,CZ0645,273
0.07,3,CZ0645,56
8.87,4,CZ0645,6690
0.05,6,CZ0645,44
3.31,7,CZ0645,2502
9.03,8,CZ0645,6812
1.04,9,CZ0645,791
0.68,10,CZ0645,518
1.73,12,CZ0645,1311
0.07,13,CZ0645,56
0.15,14,CZ0645,117
7.93,15,CZ0645,5982
0.06,19,CZ0645,50
2.53,20,CZ0645,1911
28.28,21,CZ0645,21326
0.06,22,CZ0645,49
0.23,23,CZ0645,175
12.44,24,CZ0645,9380
0.03,25,CZ0645,24
0.47,26,CZ0645,360
0.18,27,CZ0645,143
0.18,28,CZ0645,138
12.65,29,CZ0645,9543
0.26,30,CZ0645,202
0.05,31,CZ0645,39
11.48,1,CZ0644,6474
0.13,2,CZ0644,78
0.07,3,CZ0644,44
7.49,4,CZ0644,4223
0.05,6,CZ0644,30
4.20,7,CZ0644,2371
9.43,8,CZ0644,5315
1.09,9,CZ0644,616
0.86,10,CZ0644,489
1.67,12,CZ0644,943
0.07,13,CZ0644,42
0.14,14,CZ0644,84
8.32,15,CZ0644,4693
0.05,19,CZ0644,32
3.34,20,CZ0644,1884
29.58,21,CZ0644,16676
0.19,22,CZ0644,112
0.18,23,CZ0644,102
8.04,24,CZ0644,4532
0.02,25,CZ0644,13
0.45,26,CZ0644,254
0.18,27,CZ0644,103
0.14,28,CZ0644,82
12.43,29,CZ0644,7007
0.22,30,CZ0644,125
0.06,31,CZ0644,34
12.16,1,CZ0643,13611
0.09,2,CZ0643,105
0.08,3,CZ0643,92
7.41,4,CZ0643,8301
0.08,6,CZ0643,96
4.50,7,CZ0643,5044
7.64,8,CZ0643,8558
1.39,9,CZ0643,1561
0.65,10,CZ0643,731
1.88,12,CZ0643,2105
0.08,13,CZ0643,90
0.16,14,CZ0643,183
8.73,15,CZ0643,9778
0.12,19,CZ0643,140
4.72,20,CZ0643,5288
27.64,21,CZ0643,30941
0.07,22,CZ0643,85
0.20,23,CZ0643,230
9.21,24,CZ0643,10313
0.02,25,CZ0643,32
0.63,26,CZ0643,713
0.31,27,CZ0643,355
0.14,28,CZ0643,161
11.68,29,CZ0643,13079
0.24,30,CZ0643,271
0.06,31,CZ0643,69
15.40,1,CZ0642,28601
0.06,2,CZ0642,127
0.10,3,CZ0642,192
7.75,4,CZ0642,14396
0.05,6,CZ0642,109
3.58,7,CZ0642,6661
5.53,8,CZ0642,10269
2.40,9,CZ0642,4467
0.41,10,CZ0642,774
2.00,12,CZ0642,3716
0.07,13,CZ0642,131
0.16,14,CZ0642,308
11.16,15,CZ0642,20718
0.10,19,CZ0642,190
6.96,20,CZ0642,12924
24.55,21,CZ0642,45592
0.08,22,CZ0642,162
0.17,23,CZ0642,334
7.68,24,CZ0642,14273
0.03,25,CZ0642,57
0.94,26,CZ0642,1754
0.28,27,CZ0642,528
0.10,28,CZ0642,201
10.05,29,CZ0642,18674
0.21,30,CZ0642,398
0.04,31,CZ0642,80
9.84,1,CZ0641,5480
0.08,2,CZ0641,50
0.07,3,CZ0641,44
9.71,4,CZ0641,5406
0.05,6,CZ0641,30
3.34,7,CZ0641,1862
9.99,8,CZ0641,5561
1.32,9,CZ0641,739
0.76,10,CZ0641,428
1.58,12,CZ0641,885
0.07,13,CZ0641,41
0.16,14,CZ0641,92
8.90,15,CZ0641,4955
0.09,19,CZ0641,52
2.93,20,CZ0641,1631
27.53,21,CZ0641,15327
0.07,22,CZ0641,42
0.24,23,CZ0641,138
10.53,24,CZ0641,5866
0.04,25,CZ0641,23
0.55,26,CZ0641,309
0.24,27,CZ0641,136
0.16,28,CZ0641,92
11.29,29,CZ0641,6287
0.29,30,CZ0641,164
0.03,31,CZ0641,21
6.90,1,CZ0711,1237
0.10,2,CZ0711,18
0.07,3,CZ0711,13
7.55,4,CZ0711,1353
0.10,6,CZ0711,19
6.13,7,CZ0711,1099
9.94,8,CZ0711,1781
0.90,9,CZ0711,162
0.61,10,CZ0711,111
1.02,12,CZ0711,183
0.13,13,CZ0711,24
0.08,14,CZ0711,15
7.21,15,CZ0711,1293
0.08,19,CZ0711,16
4.03,20,CZ0711,722
33.21,21,CZ0711,5949
0.10,22,CZ0711,19
0.25,23,CZ0711,46
4.38,24,CZ0711,785
0.04,25,CZ0711,8
0.50,26,CZ0711,90
0.17,27,CZ0711,32
0.21,28,CZ0711,39
15.96,29,CZ0711,2859
0.21,30,CZ0711,38
7.92,1,CZ0715,4656
0.17,2,CZ0715,101
0.11,3,CZ0715,69
6.79,4,CZ0715,3990
0.09,6,CZ0715,58
6.99,7,CZ0715,4109
9.05,8,CZ0715,5315
1.00,9,CZ0715,592
0.69,10,CZ0715,406
1.23,12,CZ0715,725
0.17,13,CZ0715,100
0.09,14,CZ0715,56
8.00,15,CZ0715,4699
0.08,19,CZ0715,50
2.58,20,CZ0715,1518
32.78,21,CZ0715,19252
0.06,22,CZ0715,40
0.16,23,CZ0715,95
7.74,24,CZ0715,4547
0.03,25,CZ0715,23
0.41,26,CZ0715,242
0.17,27,CZ0715,101
0.18,28,CZ0715,107
13.08,29,CZ0715,7683
0.30,30,CZ0715,182
8.74,1,CZ0714,5533
0.18,2,CZ0714,114
0.05,3,CZ0714,36
6.78,4,CZ0714,4296
0.10,6,CZ0714,69
3.46,7,CZ0714,2191
9.25,8,CZ0714,5855
0.81,9,CZ0714,514
0.56,10,CZ0714,359
1.31,12,CZ0714,835
0.10,13,CZ0714,65
0.17,14,CZ0714,109
7.11,15,CZ0714,4501
0.06,19,CZ0714,44
2.31,20,CZ0714,1462
33.35,21,CZ0714,21108
0.10,22,CZ0714,68
0.16,23,CZ0714,105
9.88,24,CZ0714,6257
0.03,25,CZ0714,24
0.56,26,CZ0714,360
0.21,27,CZ0714,134
0.15,28,CZ0714,97
13.94,29,CZ0714,8827
0.49,30,CZ0714,316
9.98,1,CZ0712,11288
0.12,2,CZ0712,143
0.08,3,CZ0712,99
7.57,4,CZ0712,8563
0.10,6,CZ0712,116
4.04,7,CZ0712,4572
7.66,8,CZ0712,8664
1.48,9,CZ0712,1675
0.62,10,CZ0712,709
1.45,12,CZ0712,1642
0.16,13,CZ0712,184
0.17,14,CZ0712,196
9.92,15,CZ0712,11212
0.05,19,CZ0712,66
4.25,20,CZ0712,4803
30.20,21,CZ0712,34125
0.07,22,CZ0712,90
0.14,23,CZ0712,164
7.90,24,CZ0712,8935
0.02,25,CZ0712,32
0.67,26,CZ0712,763
0.34,27,CZ0712,392
0.18,28,CZ0712,209
12.31,29,CZ0712,13917
0.38,30,CZ0712,436
8.63,1,CZ0713,4552
0.09,2,CZ0713,50
0.12,3,CZ0713,65
8.64,4,CZ0713,4558
0.08,6,CZ0713,45
3.05,7,CZ0713,1609
9.93,8,CZ0713,5238
1.22,9,CZ0713,645
0.67,10,CZ0713,357
1.09,12,CZ0713,578
0.11,13,CZ0713,63
0.13,14,CZ0713,72
8.05,15,CZ0713,4250
0.07,19,CZ0713,37
2.65,20,CZ0713,1398
29.42,21,CZ0713,15516
0.05,22,CZ0713,31
0.14,23,CZ0713,78
8.97,24,CZ0713,4733
0.05,25,CZ0713,30
0.42,26,CZ0713,223
0.20,27,CZ0713,107
0.42,28,CZ0713,223
15.37,29,CZ0713,8111
0.32,30,CZ0713,169
8.36,1,CZ0806,11817
0.09,2,CZ0806,130
0.06,3,CZ0806,85
8.44,4,CZ0806,11932
0.10,6,CZ0806,145
2.57,7,CZ0806,3641
8.54,8,CZ0806,12067
1.24,9,CZ0806,1758
0.65,10,CZ0806,919
1.20,12,CZ0806,1701
0.11,13,CZ0806,163
0.11,14,CZ0806,163
9.26,15,CZ0806,13086
0.04,18,CZ0806,65
0.08,19,CZ0806,117
2.80,20,CZ0806,3962
35.42,21,CZ0806,50053
0.09,22,CZ0806,139
0.17,23,CZ0806,249
4.61,24,CZ0806,6518
0.02,25,CZ0806,40
0.85,26,CZ0806,1214
0.24,27,CZ0806,343
0.24,28,CZ0806,349
14.08,29,CZ0806,19898
0.51,30,CZ0806,729
7.89,1,CZ0805,6782
0.08,2,CZ0805,75
0.06,3,CZ0805,59
8.28,4,CZ0805,7117
0.08,6,CZ0805,69
2.89,7,CZ0805,2490
6.87,8,CZ0805,5909
1.17,9,CZ0805,1012
0.68,10,CZ0805,590
1.01,12,CZ0805,872
0.10,13,CZ0805,89
0.08,14,CZ0805,76
9.03,15,CZ0805,7761
0.01,18,CZ0805,9
0.07,19,CZ0805,67
4.26,20,CZ0805,3667
35.18,21,CZ0805,30226
0.07,22,CZ0805,62
0.18,23,CZ0805,156
8.03,24,CZ0805,6902
0.03,25,CZ0805,31
0.68,26,CZ0805,585
0.17,27,CZ0805,149
0.19,28,CZ0805,170
12.41,29,CZ0805,10664
0.36,30,CZ0805,317
8.58,1,CZ0804,6213
0.09,2,CZ0804,69
0.08,3,CZ0804,61
8.29,4,CZ0804,6003
0.11,6,CZ0804,84
2.22,7,CZ0804,1611
7.99,8,CZ0804,5785
1.70,9,CZ0804,1231
0.79,10,CZ0804,574
1.27,12,CZ0804,920
0.10,13,CZ0804,76
0.20,14,CZ0804,148
9.65,15,CZ0804,6986
0.01,18,CZ0804,13
0.08,19,CZ0804,58
2.44,20,CZ0804,1770
33.49,21,CZ0804,24248
0.12,22,CZ0804,88
0.15,23,CZ0804,112
7.82,24,CZ0804,5666
0.02,25,CZ0804,16
0.55,26,CZ0804,401
0.24,27,CZ0804,179
0.19,28,CZ0804,138
13.43,29,CZ0804,9729
0.29,30,CZ0804,211
5.49,1,CZ0803,5839
0.16,2,CZ0803,170
0.04,3,CZ0803,48
9.98,4,CZ0803,10602
0.09,6,CZ0803,103
2.14,7,CZ0803,2277
10.67,8,CZ0803,11334
0.98,9,CZ0803,1041
0.71,10,CZ0803,763
0.80,12,CZ0803,851
0.08,13,CZ0803,88
0.11,14,CZ0803,120
7.24,15,CZ0803,7699
0.01,18,CZ0803,14
0.08,19,CZ0803,92
1.59,20,CZ0803,1696
37.66,21,CZ0803,40004
0.09,22,CZ0803,106
0.23,23,CZ0803,246
4.89,24,CZ0803,5193
0.03,25,CZ0803,42
0.44,26,CZ0803,476
0.13,27,CZ0803,142
0.17,28,CZ0803,188
15.60,29,CZ0803,16575
0.45,30,CZ0803,487
7.42,1,CZ0802,7530
0.10,2,CZ0802,107
0.05,3,CZ0802,56
9.16,4,CZ0802,9301
0.15,6,CZ0802,155
3.07,7,CZ0802,3116
7.58,8,CZ0802,7694
1.08,9,CZ0802,1101
0.55,10,CZ0802,559
1.10,12,CZ0802,1116
0.08,13,CZ0802,87
0.08,14,CZ0802,90
8.73,15,CZ0802,8860
0.01,18,CZ0802,11
0.06,19,CZ0802,64
2.22,20,CZ0802,2253
34.19,21,CZ0802,34686
0.22,22,CZ0802,227
0.13,23,CZ0802,140
9.63,24,CZ0802,9769
0.03,25,CZ0802,32
0.73,26,CZ0802,748
0.17,27,CZ0802,179
0.14,28,CZ0802,145
12.85,29,CZ0802,13038
0.36,30,CZ0802,375
6.80,1,CZ0801,2763
0.11,2,CZ0801,47
0.04,3,CZ0801,18
8.53,4,CZ0801,3462
0.08,6,CZ0801,36
3.27,7,CZ0801,1327
11.98,8,CZ0801,4862
1.08,9,CZ0801,440
0.94,10,CZ0801,385
1.06,12,CZ0801,432
0.16,13,CZ0801,65
0.14,14,CZ0801,57
7.24,15,CZ0801,2940
0.01,18,CZ0801,5
0.12,19,CZ0801,52
1.95,20,CZ0801,794
36.60,21,CZ0801,14852
0.06,22,CZ0801,28
0.16,23,CZ0801,67
3.23,24,CZ0801,1314
0.01,25,CZ0801,5
0.59,26,CZ0801,240
0.16,27,CZ0801,65
0.22,28,CZ0801,93
15.09,29,CZ0801,6123
0.25,30,CZ0801,103
10.12,1,CZ0723,7120
0.13,2,CZ0723,93
0.06,3,CZ0723,46
6.95,4,CZ0723,4894
0.08,6,CZ0723,61
4.98,7,CZ0723,3505
5.81,8,CZ0723,4089
1.38,9,CZ0723,973
0.74,10,CZ0723,526
1.81,12,CZ0723,1276
0.10,13,CZ0723,76
0.12,14,CZ0723,91
8.87,15,CZ0723,6239
0.06,19,CZ0723,49
2.77,20,CZ0723,1951
29.19,21,CZ0723,20528
0.06,22,CZ0723,48
0.18,23,CZ0723,128
12.07,24,CZ0723,8492
0.60,26,CZ0723,423
0.25,27,CZ0723,181
0.16,28,CZ0723,117
12.92,29,CZ0723,9089
0.46,30,CZ0723,325
10.56,1,CZ0722,7715
0.11,2,CZ0722,82
0.04,3,CZ0722,32
7.08,4,CZ0722,5173
0.05,6,CZ0722,41
6.55,7,CZ0722,4783
8.27,8,CZ0722,6038
1.15,9,CZ0722,840
0.49,10,CZ0722,360
1.45,12,CZ0722,1060
0.09,13,CZ0722,67
0.09,14,CZ0722,72
8.07,15,CZ0722,5894
0.08,19,CZ0722,65
2.72,20,CZ0722,1991
25.72,21,CZ0722,18781
0.04,22,CZ0722,35
0.13,23,CZ0722,101
13.42,24,CZ0722,9798
0.74,26,CZ0722,542
0.13,27,CZ0722,95
0.13,28,CZ0722,96
11.98,29,CZ0722,8751
0.81,30,CZ0722,595
8.31,1,CZ0721,4389
0.21,2,CZ0721,115
0.05,3,CZ0721,31
7.27,4,CZ0721,3840
0.09,6,CZ0721,51
4.05,7,CZ0721,2140
9.63,8,CZ0721,5083
1.29,9,CZ0721,684
0.58,10,CZ0721,308
1.40,12,CZ0721,739
0.11,13,CZ0721,59
0.22,14,CZ0721,120
7.54,15,CZ0721,3984
0.10,19,CZ0721,53
2.53,20,CZ0721,1338
30.32,21,CZ0721,16004
0.06,22,CZ0721,36
0.18,23,CZ0721,96
8.77,24,CZ0721,4632
0.59,26,CZ0721,315
0.19,27,CZ0721,103
0.21,28,CZ0721,112
15.63,29,CZ0721,8250
0.56,30,CZ0721,299
9.66,1,CZ0724,9528
0.32,2,CZ0724,325
0.08,3,CZ0724,86
6.64,4,CZ0724,6547
0.06,6,CZ0724,67
6.83,7,CZ0724,6740
5.53,8,CZ0724,5459
1.20,9,CZ0724,1188
0.56,10,CZ0724,553
1.76,12,CZ0724,1737
0.09,13,CZ0724,97
0.11,14,CZ0724,110
8.86,15,CZ0724,8742
0.07,19,CZ0724,78
3.20,20,CZ0724,3163
29.86,21,CZ0724,29437
0.06,22,CZ0724,65
0.15,23,CZ0724,152
10.86,24,CZ0724,10709
0.87,26,CZ0724,858
0.16,27,CZ0724,158
0.09,28,CZ0724,92
12.10,29,CZ0724,11930
0.76,30,CZ0724,750
